country,colonizer,col,colstart_max,colend_max,colstart_mean,colend_mean,Duration,wiki
Burundi,belgium,1,1462,1641,1922,1962,40,https://en.wikipedia.org/wiki/History_of_Burundi
Congo - Kinshasa,belgium,1,1482,1655,1885,1960,75,https://en.wikipedia.org/wiki/History_of_the_Democratic_Republic_of_the_Congo
Rwanda,belgium,1,1495,1656,1919,1962,43,https://en.wikipedia.org/wiki/History_of_Rwanda
Antigua & Barbuda,britain,1,1509,1762,1632,1974,342,https://en.wikipedia.org/wiki/History_of_Antigua_and_Barbuda
Australia,britain,1,1511,1763,1798,1904,106,https://en.wikipedia.org/wiki/History_of_Australia
Bahamas,britain,1,1511,1763,1738,1973,235,https://en.wikipedia.org/wiki/History_of_the_Bahamas
Bahrain,britain,1,1519,1778,1861,1971,110,https://en.wikipedia.org/wiki/History_of_Bahrain
Bangladesh,britain,1,1521,1783,1796,1947,151,https://en.wikipedia.org/wiki/History_of_Bangladesh
Barbados,britain,1,1522,1794,1627,1966,339,https://en.wikipedia.org/wiki/History_of_Barbados
Belize,britain,1,1524,1797,1798,1980,182,https://en.wikipedia.org/wiki/History_of_Belize
Bhutan,britain,1,1524,1804,1888,1949,61,https://en.wikipedia.org/wiki/History_of_Bhutan
Botswana,britain,1,1524,1806,1887,1966,79,https://en.wikipedia.org/wiki/History_of_Botswana
Brunei,britain,1,1524,1810,1888,1984,96,https://en.wikipedia.org/wiki/History_of_Brunei
Canada,britain,1,1524,1811,1737,1877,140,https://en.wikipedia.org/wiki/History_of_Canada
Cyprus,britain,1,1525,1814,1887,1960,73,https://en.wikipedia.org/wiki/History_of_Cyprus
Dominica,britain,1,1528,1815,1805,1972,167,https://en.wikipedia.org/wiki/History_of_Dominica
Egypt,britain,1,1533,1817,1882,1926,44,https://en.wikipedia.org/wiki/History_of_Egypt
Equatorial Guinea,britain,1,1533,1818,1827,1857,30,https://en.wikipedia.org/wiki/History_of_Equatorial_Guinea
Eritrea,britain,1,1535,1819,1941,1951,10,https://en.wikipedia.org/wiki/History_of_Eritrea
Eswatini,britain,1,1537,1820,1897,1968,71,https://en.wikipedia.org/wiki/History_of_Eswatini
Fiji,britain,1,1541,1821,1872,1970,98,https://en.wikipedia.org/wiki/History_of_Fiji
Gambia,britain,1,1556,1821,1852,1965,113,https://en.wikipedia.org/wiki/History_of_the_Gambia
Ghana,britain,1,1559,1821,1874,1957,83,https://en.wikipedia.org/wiki/History_of_Ghana
Grenada,britain,1,1565,1821,1762,1970,208,https://en.wikipedia.org/wiki/History_of_Grenada
Guyana,britain,1,1576,1821,1814,1966,152,https://en.wikipedia.org/wiki/History_of_French_Guiana
India,britain,1,1580,1821,1803,1947,144,https://en.wikipedia.org/wiki/History_of_India
Iraq,britain,1,1580,1821,1917,1932,15,https://en.wikipedia.org/wiki/History_of_Iraq
Israel,britain,1,1592,1821,1920,1948,28,https://en.wikipedia.org/wiki/History_of_Israel
Jamaica,britain,1,1607,1822,1655,1962,307,https://en.wikipedia.org/wiki/History_of_Jamaica
Jordan,britain,1,1608,1822,1923,1946,23,https://en.wikipedia.org/wiki/History_of_Jordan
Kenya,britain,1,1619,1823,1891,1963,72,https://en.wikipedia.org/wiki/History_of_Kenya
Kiribati,britain,1,1623,1824,1892,1979,87,https://en.wikipedia.org/wiki/History_of_Kiribati
Kuwait,britain,1,1623,1825,1914,1961,47,https://en.wikipedia.org/wiki/History_of_Kuwait
Lesotho,britain,1,1625,1828,1874,1966,92,https://en.wikipedia.org/wiki/History_of_Lesotho
Libya,britain,1,1627,1829,1946,1952,6,https://en.wikipedia.org/wiki/History_of_Libya
Malawi,britain,1,1632,1857,1891,1964,73,https://en.wikipedia.org/wiki/History_of_Malawi
Malaysia,britain,1,1632,1862,1847,1958,111,https://en.wikipedia.org/wiki/History_of_Malaysia
Maldives,britain,1,1642,1865,1887,1965,78,https://en.wikipedia.org/wiki/History_of_the_Maldives
Mauritius,britain,1,1650,1898,1810,1968,158,https://en.wikipedia.org/wiki/History_of_Mauritius
Myanmar (Burma),britain,1,1650,1899,1879,1948,69,https://en.wikipedia.org/wiki/History_of_Myanmar
Namibia,britain,1,1650,1899,1915,1920,5,https://en.wikipedia.org/wiki/History_of_Namibia
Nauru,britain,1,1652,1899,1914,1944,30,https://en.wikipedia.org/wiki/History_of_Nauru
New Zealand,britain,1,1655,1914,1840,1909,69,https://en.wikipedia.org/wiki/History_of_New_Zealand
Nigeria,britain,1,1665,1914,1874,1960,86,https://en.wikipedia.org/wiki/History_of_Nigeria
Pakistan,britain,1,1667,1914,1830,1947,117,https://en.wikipedia.org/wiki/History_of_Pakistan
Papua New Guinea,britain,1,1680,1914,1884,1912,28,https://en.wikipedia.org/wiki/History_of_Papua_New_Guinea
Qatar,britain,1,1693,1915,1914,1970,56,https://en.wikipedia.org/wiki/History_of_Qatar
Samoa,britain,1,1715,1915,1914,1920,6,https://en.wikipedia.org/wiki/History_of_Samoa
Senegal,britain,1,1756,1916,1693,1817,124,https://en.wikipedia.org/wiki/History_of_Senegal
Seychelles,britain,1,1762,1916,1814,1976,162,https://en.wikipedia.org/wiki/History_of_Seychelles
Sierra Leone,britain,1,1762,1916,1838,1961,123,https://en.wikipedia.org/wiki/History_of_Sierra_Leone
Singapore,britain,1,1763,1917,1821,1961,140,https://en.wikipedia.org/wiki/History_of_Singapore
Solomon Islands,britain,1,1778,1918,1893,1978,85,https://en.wikipedia.org/wiki/History_of_Solomon_Islands
Somalia,britain,1,1783,1919,1885,1956,71,https://en.wikipedia.org/wiki/History_of_Somalia
South Africa,britain,1,1797,1919,1801,1912,111,https://en.wikipedia.org/wiki/History_of_South_Africa
Sri Lanka,britain,1,1798,1920,1797,1948,151,https://en.wikipedia.org/wiki/History_of_Sri_Lanka
St. Kitts & Nevis,britain,1,1798,1920,1623,1975,352,https://en.wikipedia.org/wiki/History_of_Saint_Kitts_and_Nevis
St. Lucia,britain,1,1805,1920,1814,1973,159,https://en.wikipedia.org/wiki/History_of_Saint_Lucia
St. Vincent & Grenadines,britain,1,1810,1920,1762,1974,212,https://en.wikipedia.org/wiki/History_of_Saint_Vincent_and_the_Grenadines
Sudan,britain,1,1814,1920,1898,1956,58,https://en.wikipedia.org/wiki/History_of_Sudan
Tanzania,britain,1,1814,1922,1912,1961,49,https://en.wikipedia.org/wiki/History_of_Tanzania
Tonga,britain,1,1814,1932,1900,1970,70,https://en.wikipedia.org/wiki/History_of_Tonga
Trinidad & Tobago,britain,1,1814,1935,1797,1962,165,https://en.wikipedia.org/wiki/History_of_Trinidad_and_Tobago
Tuvalu,britain,1,1826,1936,1892,1978,86,https://en.wikipedia.org/wiki/History_of_Tuvalu
Uganda,britain,1,1827,1941,1892,1962,70,https://en.wikipedia.org/wiki/History_of_Uganda
United Arab Emirates,britain,1,1829,1942,1892,1971,79,https://en.wikipedia.org/wiki/History_of_the_United_Arab_Emirates
United States,britain,1,1840,1946,1607,1781,174,https://en.wikipedia.org/wiki/History_of_the_United_States
Vanuatu,britain,1,1848,1946,1906,1980,74,https://en.wikipedia.org/wiki/History_of_Vanuatu
Yemen,britain,1,1854,1946,1879,1967,88,https://en.wikipedia.org/wiki/History_of_Yemen
Zambia,britain,1,1857,1947,1900,1964,64,https://en.wikipedia.org/wiki/History_of_Zambia
Zimbabwe,britain,1,1857,1947,1900,1975,75,https://en.wikipedia.org/wiki/History_of_Zimbabwe
Algeria,france,1,1857,1947,1836,1962,126,https://en.wikipedia.org/wiki/History_of_Algeria
Benin,france,1,1858,1948,1873,1960,87,https://en.wikipedia.org/wiki/History_of_Benin
Burkina Faso,france,1,1861,1948,1895,1960,65,https://en.wikipedia.org/wiki/History_of_Burkina_Faso
Cambodia,france,1,1874,1948,1868,1952,84,https://en.wikipedia.org/wiki/History_of_Cambodia
Cameroon,france,1,1874,1949,1922,1960,38,https://en.wikipedia.org/wiki/History_of_Cameroon
Canada,france,1,1879,1951,1608,1763,155,https://en.wikipedia.org/wiki/History_of_Canada
Central African Republic,france,1,1881,1952,1898,1960,62,https://en.wikipedia.org/wiki/History_of_the_Central_African_Republic
Chad,france,1,1881,1953,1899,1960,61,https://en.wikipedia.org/wiki/History_of_Chad
Comoros,france,1,1882,1954,1878,1975,97,https://en.wikipedia.org/wiki/History_of_the_Comoros
Congo - Brazzaville,france,1,1882,1954,1881,1960,79,https://en.wikipedia.org/wiki/History_of_the_Republic_of_the_Congo
Côte d’Ivoire,france,1,1884,1956,1869,1960,91,https://en.wikipedia.org/wiki/History_of_Ivory_Coast
Djibouti,france,1,1884,1956,1869,1977,108,https://en.wikipedia.org/wiki/History_of_Djibouti
Dominica,france,1,1884,1956,1632,1763,131,https://en.wikipedia.org/wiki/History_of_Dominica
Gabon,france,1,1884,1957,1855,1960,105,https://en.wikipedia.org/wiki/History_of_Gabon
Grenada,france,1,1884,1958,1650,1762,112,https://en.wikipedia.org/wiki/History_of_Grenada
Guinea,france,1,1884,1960,1858,1958,100,https://en.wikipedia.org/wiki/History_of_Guinea
Haiti,france,1,1884,1960,1665,1804,139,https://en.wikipedia.org/wiki/History_of_Haiti
Laos,france,1,1885,1960,1892,1952,60,https://en.wikipedia.org/wiki/History_of_Laos
Lebanon,france,1,1885,1960,1921,1946,25,https://en.wikipedia.org/wiki/History_of_Lebanon
Madagascar,france,1,1885,1960,1890,1960,70,https://en.wikipedia.org/wiki/History_of_Madagascar
Mali,france,1,1885,1960,1897,1960,63,https://en.wikipedia.org/wiki/History_of_Mali
Mauritania,france,1,1885,1960,1882,1960,78,https://en.wikipedia.org/wiki/History_of_Mauritania
Mauritius,france,1,1885,1960,1715,1810,95,https://en.wikipedia.org/wiki/History_of_Mauritius
Morocco,france,1,1885,1960,1912,1956,44,https://en.wikipedia.org/wiki/History_of_Morocco
Niger,france,1,1886,1960,1910,1960,50,https://en.wikipedia.org/wiki/History_of_Niger
Senegal,france,1,1886,1960,1770,1960,190,https://en.wikipedia.org/wiki/History_of_Senegal
Seychelles,france,1,1886,1960,1756,1794,38,https://en.wikipedia.org/wiki/History_of_Seychelles
St. Lucia,france,1,1887,1960,1650,1814,164,https://en.wikipedia.org/wiki/History_of_Saint_Lucia
Syria,france,1,1887,1960,1922,1944,22,https://en.wikipedia.org/wiki/History_of_Syria
Togo,france,1,1887,1960,1922,1960,38,https://en.wikipedia.org/wiki/History_of_Togo
Tunisia,france,1,1888,1960,1877,1956,79,https://en.wikipedia.org/wiki/History_of_Tunisia
Vanuatu,france,1,1888,1960,1887,1980,93,https://en.wikipedia.org/wiki/History_of_Vanuatu
Vietnam,france,1,1888,1960,1869,1951,82,https://en.wikipedia.org/wiki/History_of_Vietnam
Burundi,germany,1,1888,1961,1894,1922,28,https://en.wikipedia.org/wiki/History_of_Burundi
Cameroon,germany,1,1888,1961,1884,1915,31,https://en.wikipedia.org/wiki/History_of_Cameroon
Ghana,germany,1,1889,1962,1884,1916,32,https://en.wikipedia.org/wiki/History_of_Ghana
Marshall Islands,germany,1,1890,1962,1885,1914,29,https://en.wikipedia.org/wiki/History_of_the_Marshall_Islands
Namibia,germany,1,1891,1962,1882,1914,32,https://en.wikipedia.org/wiki/History_of_Namibia
Nauru,germany,1,1891,1962,1888,1914,26,https://en.wikipedia.org/wiki/History_of_Nauru
Palau,germany,1,1892,1962,1885,1914,29,https://en.wikipedia.org/wiki/History_of_Palau
Rwanda,germany,1,1892,1962,1894,1915,21,https://en.wikipedia.org/wiki/History_of_Rwanda
Samoa,germany,1,1892,1962,1900,1914,14,https://en.wikipedia.org/wiki/History_of_Samoa
Solomon Islands,germany,1,1893,1963,1885,1918,33,https://en.wikipedia.org/wiki/History_of_Solomon_Islands
Tanzania,germany,1,1893,1963,1888,1916,28,https://en.wikipedia.org/wiki/History_of_Tanzania
Togo,germany,1,1894,1963,1884,1914,30,https://en.wikipedia.org/wiki/History_of_Togo
Guyana,netherlands,1,1894,1963,1580,1815,235,https://en.wikipedia.org/wiki/History_of_Guyana
Indonesia,netherlands,1,1895,1964,1621,1952,331,https://en.wikipedia.org/wiki/History_of_Indonesia
South Africa,netherlands,1,1895,1964,1652,1806,154,https://en.wikipedia.org/wiki/History_of_South_Africa
Suriname,netherlands,1,1895,1965,1642,1964,322,https://en.wikipedia.org/wiki/History_of_Suriname
Angola,portugal,1,1895,1965,1576,1974,398,https://en.wikipedia.org/wiki/History_of_Angola
Brazil,portugal,1,1896,1966,1533,1822,289,https://en.wikipedia.org/wiki/History_of_Brazil
Cape Verde,portugal,1,1898,1966,1462,1975,513,https://en.wikipedia.org/wiki/History_of_Cape_Verde
Equatorial Guinea,portugal,1,1899,1966,1778,1778,0,https://en.wikipedia.org/wiki/History_of_Equatorial_Guinea
Ghana,portugal,1,1899,1966,1476,1823,347,https://en.wikipedia.org/wiki/History_of_Ghana
Guinea-Bissau,portugal,1,1899,1967,1879,1973,94,https://en.wikipedia.org/wiki/History_of_Guinea-Bissau
Malaysia,portugal,1,1900,1968,1511,1641,130,https://en.wikipedia.org/wiki/History_of_Malaysia
Mozambique,portugal,1,1900,1968,1695,1974,279,https://en.wikipedia.org/wiki/History_of_Mozambique
São Tomé & Príncipe,portugal,1,1903,1968,1522,1975,453,https://en.wikipedia.org/wiki/History_of_São_Tomé_and_Príncipe
Sri Lanka,portugal,1,1903,1968,1619,1656,37,https://en.wikipedia.org/wiki/History_of_Sri_Lanka
Timor-Leste,portugal,1,1904,1970,1642,1975,333,https://en.wikipedia.org/wiki/History_of_Timor-Leste
Uruguay,portugal,1,1905,1970,1680,1822,142,https://en.wikipedia.org/wiki/History_of_Uruguay
Argentina,spain,1,1906,1971,1565,1818,253,https://en.wikipedia.org/wiki/History_of_Argentina
Belize,spain,1,1906,1971,1524,1862,338,https://en.wikipedia.org/wiki/History_of_Belize
Bolivia,spain,1,1910,1971,1545,1825,280,https://en.wikipedia.org/wiki/History_of_Bolivia
Chile,spain,1,1910,1973,1541,1817,276,https://en.wikipedia.org/wiki/History_of_Chile
Colombia,spain,1,1912,1974,1518,1819,301,https://en.wikipedia.org/wiki/History_of_Colombia
Costa Rica,spain,1,1912,1974,1516,1821,305,https://en.wikipedia.org/wiki/History_of_Costa_Rica
Cuba,spain,1,1914,1974,1511,1898,387,https://en.wikipedia.org/wiki/History_of_Cuba
Dominican Republic,spain,1,1914,1975,1493,1839,346,https://en.wikipedia.org/wiki/History_of_the_Dominican_Republic
Ecuador,spain,1,1914,1975,1534,1823,289,https://en.wikipedia.org/wiki/History_of_Ecuador
El Salvador,spain,1,1914,1975,1525,1821,296,https://en.wikipedia.org/wiki/History_of_El_Salvador
Equatorial Guinea,spain,1,1914,1975,1858,1968,110,https://en.wikipedia.org/wiki/History_of_Equatorial_Guinea
Guatemala,spain,1,1915,1975,1524,1821,297,https://en.wikipedia.org/wiki/History_of_Guatemala
Honduras,spain,1,1916,1975,1524,1821,297,https://en.wikipedia.org/wiki/History_of_Honduras
Jamaica,spain,1,1918,1975,1509,1655,146,https://en.wikipedia.org/wiki/History_of_Jamaica
Mexico,spain,1,1920,1976,1520,1821,301,https://en.wikipedia.org/wiki/History_of_Mexico
Micronesia (Federated States of),spain,1,1922,1977,1650,1899,249,https://en.wikipedia.org/wiki/History_of_the_Federated_States_of_Micronesia
Morocco,spain,1,1922,1978,1884,1975,91,https://en.wikipedia.org/wiki/History_of_Morocco
Nicaragua,spain,1,1922,1978,1523,1821,298,https://en.wikipedia.org/wiki/History_of_Nicaragua
Palau,spain,1,1922,1979,1886,1899,13,https://en.wikipedia.org/wiki/History_of_Palau
Panama,spain,1,1923,1979,1514,1820,306,https://en.wikipedia.org/wiki/History_of_Panama
Paraguay,spain,1,1923,1979,1537,1811,274,https://en.wikipedia.org/wiki/History_of_Paraguay
Peru,spain,1,1923,1979,1532,1823,291,https://en.wikipedia.org/wiki/History_of_Peru
Philippines,spain,1,1923,1980,1565,1898,333,https://en.wikipedia.org/wiki/History_of_the_Philippines
Trinidad & Tobago,spain,1,1923,1980,1592,1797,205,https://en.wikipedia.org/wiki/History_of_Trinidad_and_Tobago
Uruguay,spain,1,1923,1980,1590,1823,233,https://en.wikipedia.org/wiki/History_of_Uruguay
Venezuela,spain,1,1923,1981,1534,1820,286,https://en.wikipedia.org/wiki/History_of_Venezuela
Eritrea,italy,1,1941,1981,1885,1940,55,https://en.wikipedia.org/wiki/History_of_Eritrea
Libya,italy,1,1946,1983,1912,1942,30,https://en.wikipedia.org/wiki/History_of_Libya
Somalia,italy,1,1959,1984,1905,1936,31,https://en.wikipedia.org/wiki/History_of_Somalia